{"actionSelection":"epsilon=0.1;prototype=chen0040.rl.actionselection.EpsilonGreedyActionSelectionStrategy","model":{"actionCount":4,"alphaMatrix":{"columnCount":4,"defaultValue":0.1,"rowCount":33,"rows":{"0":{"data":{"0":0.1,"1":0.1,"2":0.1,"3":0.1},"defaultValue":0.1,"dimension":4,"id":0,"zero":false},"32":{"data":{"0":0.1,"1":0.1,"2":0.1,"3":0.1},"defaultValue":0.1,"dimension":4,"id":32,"zero":false},"1":{"data":{"0":0.1,"1":0.1,"2":0.1,"3":0.1},"defaultValue":0.1,"dimension":4,"id":1,"zero":false},"2":{"data":{"0":0.1,"1":0.1,"2":0.1,"3":0.1},"defaultValue":0.1,"dimension":4,"id":2,"zero":false},"20":{"data":{"0":0.1,"1":0.1,"2":0.1,"3":0.1},"defaultValue":0.1,"dimension":4,"id":20,"zero":false},"21":{"data":{"0":0.1,"1":0.1,"2":0.1,"3":0.1},"defaultValue":0.1,"dimension":4,"id":21,"zero":false},"22":{"data":{"0":0.1,"1":0.1,"2":0.1,"3":0.1},"defaultValue":0.1,"dimension":4,"id":22,"zero":false},"10":{"data":{"0":0.1,"1":0.1,"2":0.1,"3":0.1},"defaultValue":0.1,"dimension":4,"id":10,"zero":false},"11":{"data":{"0":0.1,"1":0.1,"2":0.1,"3":0.1},"defaultValue":0.1,"dimension":4,"id":11,"zero":false},"12":{"data":{"0":0.1,"1":0.1,"2":0.1,"3":0.1},"defaultValue":0.1,"dimension":4,"id":12,"zero":false},"30":{"data":{"0":0.1,"1":0.1,"2":0.1,"3":0.1},"defaultValue":0.1,"dimension":4,"id":30,"zero":false},"31":{"data":{"0":0.1,"1":0.1,"2":0.1,"3":0.1},"defaultValue":0.1,"dimension":4,"id":31,"zero":false}}},"gamma":0.5,"q":{"columnCount":4,"defaultValue":0.1,"rowCount":33,"rows":{"0":{"data":{"0":4.085625999151146,"1":4.494613989277311,"2":4.424126405062749,"3":3.2632257745931916},"defaultValue":0.1,"dimension":4,"id":0,"zero":false},"32":{"data":{"0":2.6483471093107287,"1":3.2780208617844138,"2":2.474372317559171,"3":2.589738196808837},"defaultValue":0.1,"dimension":4,"id":32,"zero":false},"1":{"data":{"0":2.5777745771824434,"1":2.871781620896848,"2":3.167716947610248,"3":3.276884582889724},"defaultValue":0.1,"dimension":4,"id":1,"zero":false},"33":{"data":{"0":0.1,"1":0.1,"2":0.1,"3":0.1},"defaultValue":0.1,"dimension":4,"id":33,"zero":false},"2":{"data":{"0":3.1633519574785254,"1":2.419560702839256,"2":2.5782936052344914,"3":2.3720210912588784},"defaultValue":0.1,"dimension":4,"id":2,"zero":false},"10":{"data":{"0":4.969372421498252,"1":3.6955569066284824,"2":5.002009606688689,"3":4.781419846116305},"defaultValue":0.1,"dimension":4,"id":10,"zero":false},"11":{"data":{"0":2.7167478719875655,"1":2.9667939062802517,"2":2.7011519042884844,"3":2.8851127127397227},"defaultValue":0.1,"dimension":4,"id":11,"zero":false},"12":{"data":{"0":2.3619499892942186,"1":3.2061392501038393,"2":2.409544530182844,"3":2.612493304581333},"defaultValue":0.1,"dimension":4,"id":12,"zero":false},"13":{"data":{"0":0.1,"1":0.1,"2":0.1,"3":0.1},"defaultValue":0.1,"dimension":4,"id":13,"zero":false},"20":{"data":{"0":3.919172599669903,"1":3.0057408873217737,"2":5.298320057244522,"3":4.67791558179896},"defaultValue":0.1,"dimension":4,"id":20,"zero":false},"21":{"data":{"0":3.115020803634978,"1":2.767203186166245,"2":2.9890276690024713,"3":2.659584247456489},"defaultValue":0.1,"dimension":4,"id":21,"zero":false},"22":{"data":{"0":2.7077390549779357,"1":2.7300064778493502,"2":2.616811962958599,"3":2.6333359243609062},"defaultValue":0.1,"dimension":4,"id":22,"zero":false},"23":{"data":{"0":0.1,"1":0.1,"2":0.1,"3":0.1},"defaultValue":0.1,"dimension":4,"id":23,"zero":false},"30":{"data":{"0":3.607522723642552,"1":3.9960443595017785,"2":6.494587124441298,"3":3.515143247473592},"defaultValue":0.1,"dimension":4,"id":30,"zero":false},"31":{"data":{"0":2.6433731744923126,"1":2.806025411686126,"2":3.30079258345967,"3":2.647823946587984},"defaultValue":0.1,"dimension":4,"id":31,"zero":false}}},"stateCount":33}}
