{"actionSelection":"epsilon=0.1;prototype=chen0040.rl.actionselection.EpsilonGreedyActionSelectionStrategy","model":{"actionCount":4,"alphaMatrix":{"columnCount":4,"defaultValue":0.1,"rowCount":33,"rows":{"0":{"data":{"0":0.1,"1":0.1,"2":0.1,"3":0.1},"defaultValue":0.1,"dimension":4,"id":0,"zero":false},"32":{"data":{"0":0.1,"1":0.1,"2":0.1,"3":0.1},"defaultValue":0.1,"dimension":4,"id":32,"zero":false},"1":{"data":{"0":0.1,"1":0.1,"2":0.1,"3":0.1},"defaultValue":0.1,"dimension":4,"id":1,"zero":false},"2":{"data":{"0":0.1,"1":0.1,"2":0.1,"3":0.1},"defaultValue":0.1,"dimension":4,"id":2,"zero":false},"20":{"data":{"0":0.1,"1":0.1,"2":0.1,"3":0.1},"defaultValue":0.1,"dimension":4,"id":20,"zero":false},"21":{"data":{"0":0.1,"1":0.1,"2":0.1,"3":0.1},"defaultValue":0.1,"dimension":4,"id":21,"zero":false},"22":{"data":{"0":0.1,"1":0.1,"2":0.1,"3":0.1},"defaultValue":0.1,"dimension":4,"id":22,"zero":false},"10":{"data":{"0":0.1,"1":0.1,"2":0.1,"3":0.1},"defaultValue":0.1,"dimension":4,"id":10,"zero":false},"11":{"data":{"0":0.1,"1":0.1,"2":0.1,"3":0.1},"defaultValue":0.1,"dimension":4,"id":11,"zero":false},"12":{"data":{"0":0.1,"1":0.1,"2":0.1,"3":0.1},"defaultValue":0.1,"dimension":4,"id":12,"zero":false},"30":{"data":{"0":0.1,"1":0.1,"2":0.1,"3":0.1},"defaultValue":0.1,"dimension":4,"id":30,"zero":false},"31":{"data":{"0":0.1,"1":0.1,"2":0.1,"3":0.1},"defaultValue":0.1,"dimension":4,"id":31,"zero":false}}},"gamma":0.7,"q":{"columnCount":4,"defaultValue":0.1,"rowCount":33,"rows":{"0":{"data":{"0":8.732293300265344,"1":6.035264637748655,"2":7.526698464781132,"3":8.784142182058943},"defaultValue":0.1,"dimension":4,"id":0,"zero":false},"32":{"data":{"0":5.254416928401658,"1":6.598655554749982,"2":5.225219383526987,"3":5.6373524752196795},"defaultValue":0.1,"dimension":4,"id":32,"zero":false},"1":{"data":{"0":5.719850516460582,"1":6.797825121075146,"2":6.404575580134511,"3":6.76722437546734},"defaultValue":0.1,"dimension":4,"id":1,"zero":false},"33":{"data":{"0":0.1,"1":0.1,"2":0.1,"3":0.1},"defaultValue":0.1,"dimension":4,"id":33,"zero":false},"2":{"data":{"0":5.512614515939047,"1":5.348017374251907,"2":5.958400529374443,"3":5.505510764567376},"defaultValue":0.1,"dimension":4,"id":2,"zero":false},"10":{"data":{"0":6.723501191317786,"1":11.04534762039238,"2":6.991654357011657,"3":9.078445492716467},"defaultValue":0.1,"dimension":4,"id":10,"zero":false},"11":{"data":{"0":5.74005226093448,"1":5.84770719260165,"2":5.918155316944877,"3":6.647834959804348},"defaultValue":0.1,"dimension":4,"id":11,"zero":false},"12":{"data":{"0":5.39479344689032,"1":5.463111416274079,"2":5.104167220817007,"3":6.07899791233808},"defaultValue":0.1,"dimension":4,"id":12,"zero":false},"13":{"data":{"0":0.1,"1":0.1,"2":0.1,"3":0.1},"defaultValue":0.1,"dimension":4,"id":13,"zero":false},"20":{"data":{"0":6.764822586594698,"1":7.762843402672058,"2":7.613722993946859,"3":6.742063121416831},"defaultValue":0.1,"dimension":4,"id":20,"zero":false},"21":{"data":{"0":5.729583161779605,"1":5.619790680422047,"2":5.347824156193358,"3":5.655237050511798},"defaultValue":0.1,"dimension":4,"id":21,"zero":false},"22":{"data":{"0":5.557838928235123,"1":5.481623190562855,"2":5.3364677677428505,"3":5.026423052987523},"defaultValue":0.1,"dimension":4,"id":22,"zero":false},"23":{"data":{"0":0.1,"1":0.1,"2":0.1,"3":0.1},"defaultValue":0.1,"dimension":4,"id":23,"zero":false},"30":{"data":{"0":6.243044796253538,"1":7.960395538235355,"2":6.912956218802624,"3":10.087598692799046},"defaultValue":0.1,"dimension":4,"id":30,"zero":false},"31":{"data":{"0":5.379806454835814,"1":5.83207557761989,"2":6.468741495203294,"3":5.658935566106879},"defaultValue":0.1,"dimension":4,"id":31,"zero":false}}},"stateCount":33}}
