{"actionSelection":"epsilon=0.1;prototype=chen0040.rl.actionselection.EpsilonGreedyActionSelectionStrategy","model":{"actionCount":4,"alphaMatrix":{"columnCount":4,"defaultValue":0.1,"rowCount":33,"rows":{"0":{"data":{"0":0.1,"1":0.1,"2":0.1,"3":0.1},"defaultValue":0.1,"dimension":4,"id":0,"zero":false},"32":{"data":{"0":0.1,"1":0.1,"2":0.1,"3":0.1},"defaultValue":0.1,"dimension":4,"id":32,"zero":false},"1":{"data":{"0":0.1,"1":0.1,"2":0.1,"3":0.1},"defaultValue":0.1,"dimension":4,"id":1,"zero":false},"2":{"data":{"0":0.1,"1":0.1,"2":0.1,"3":0.1},"defaultValue":0.1,"dimension":4,"id":2,"zero":false},"3":{"data":{"0":0.1,"1":0.1,"2":0.1,"3":0.1},"defaultValue":0.1,"dimension":4,"id":3,"zero":false},"10":{"data":{"0":0.1,"1":0.1,"2":0.1,"3":0.1},"defaultValue":0.1,"dimension":4,"id":10,"zero":false},"11":{"data":{"0":0.1,"1":0.1,"2":0.1,"3":0.1},"defaultValue":0.1,"dimension":4,"id":11,"zero":false},"12":{"data":{"0":0.1,"1":0.1,"2":0.1,"3":0.1},"defaultValue":0.1,"dimension":4,"id":12,"zero":false},"20":{"data":{"0":0.1,"1":0.1,"2":0.1,"3":0.1},"defaultValue":0.1,"dimension":4,"id":20,"zero":false},"21":{"data":{"0":0.1,"1":0.1,"2":0.1,"3":0.1},"defaultValue":0.1,"dimension":4,"id":21,"zero":false},"22":{"data":{"0":0.1,"1":0.1,"2":0.1,"3":0.1},"defaultValue":0.1,"dimension":4,"id":22,"zero":false},"30":{"data":{"0":0.1,"1":0.1,"2":0.1,"3":0.1},"defaultValue":0.1,"dimension":4,"id":30,"zero":false},"31":{"data":{"0":0.1,"1":0.1,"2":0.1,"3":0.1},"defaultValue":0.1,"dimension":4,"id":31,"zero":false}}},"gamma":0.7,"q":{"columnCount":4,"defaultValue":0.1,"rowCount":33,"rows":{"0":{"data":{"0":9.340804448643917,"1":7.216700713039579,"2":8.503554197298278,"3":5.610199869836413},"defaultValue":0.1,"dimension":4,"id":0,"zero":false},"32":{"data":{"0":5.685472167622487,"1":5.886857424634435,"2":5.813950160145724,"3":5.797533307529187},"defaultValue":0.1,"dimension":4,"id":32,"zero":false},"1":{"data":{"0":7.3972730734072885,"1":5.753980235647017,"2":6.685494383084046,"3":5.724537698788188},"defaultValue":0.1,"dimension":4,"id":1,"zero":false},"33":{"data":{"0":0.1,"1":0.1,"2":0.1,"3":0.1},"defaultValue":0.1,"dimension":4,"id":33,"zero":false},"2":{"data":{"0":5.846108360637515,"1":4.828751339488915,"2":5.899519475722901,"3":4.702046446985343},"defaultValue":0.1,"dimension":4,"id":2,"zero":false},"3":{"data":{"0":0.1,"1":0.9244082037619108,"2":0.1,"3":0.1},"defaultValue":0.1,"dimension":4,"id":3,"zero":false},"10":{"data":{"0":6.360759971846098,"1":6.16464953150604,"2":5.566037753120062,"3":7.570230844157011},"defaultValue":0.1,"dimension":4,"id":10,"zero":false},"11":{"data":{"0":5.734911227586032,"1":5.1660246437084645,"2":5.464694767438911,"3":6.403212417378688},"defaultValue":0.1,"dimension":4,"id":11,"zero":false},"12":{"data":{"0":4.7476330310319605,"1":5.055940711782131,"2":5.06624641998838,"3":6.397209079384106},"defaultValue":0.1,"dimension":4,"id":12,"zero":false},"13":{"data":{"0":0.1,"1":0.1,"2":0.1,"3":0.1},"defaultValue":0.1,"dimension":4,"id":13,"zero":false},"20":{"data":{"0":6.8802628336097085,"1":8.728294482556128,"2":9.063676494465188,"3":7.383977428866322},"defaultValue":0.1,"dimension":4,"id":20,"zero":false},"21":{"data":{"0":6.024565578533722,"1":6.203466825206045,"2":7.514605045838486,"3":6.0248838556588},"defaultValue":0.1,"dimension":4,"id":21,"zero":false},"22":{"data":{"0":4.947414264955929,"1":5.079384753473429,"2":5.525628531096284,"3":5.937043743251168},"defaultValue":0.1,"dimension":4,"id":22,"zero":false},"23":{"data":{"0":0.1,"1":0.1,"2":0.1,"3":0.1},"defaultValue":0.1,"dimension":4,"id":23,"zero":false},"30":{"data":{"0":10.32247990279023,"1":8.779419994422966,"2":8.933203752416016,"3":7.646462342303634},"defaultValue":0.1,"dimension":4,"id":30,"zero":false},"31":{"data":{"0":6.692333105125592,"1":6.847785564879525,"2":8.093375350310387,"3":5.8376541051135815},"defaultValue":0.1,"dimension":4,"id":31,"zero":false}}},"stateCount":33}}
